{
  "model_config": {
    "hidden_size": 256,
    "num_layers": 1,
    "num_heads": 4,
    "dropout": 0.15
  },
  "test_metrics": {
    "loss": 2.5628739630353863,
    "precision": 0.7035980991174474,
    "recall": 0.6834608282774993,
    "f1": 0.693383287616244
  },
  "best_dev_f1": 0.7084251101321586
}